id_cuenta,puntuacion_calidad
C01-00000,30
C01-00001,41
C01-00002,46
C01-00003,67
C01-00004,74
C01-00005,91
C01-00008,80
C01-00011,50
C01-00012,15
C01-00014,76
C01-00016,19
C01-00020,24
C01-00021,97
C01-00023,93
C01-00024,9
C01-00025,86
C01-00027,17
C01-00028,4
C01-00030,23
C01-00031,59
C01-00032,48
C01-00033,27
C01-00035,43
C01-00036,24
C01-00038,72
C01-00040,34
C01-00042,32
C01-00043,50
C01-00046,97
C01-00049,26
C01-00050,40
C01-00051,3
C01-00052,29
C01-00053,70
C01-00054,31
C01-00055,95
C01-00059,33
C01-00060,61
C01-00061,57
C01-00062,23
C01-00063,46
C01-00064,49
C01-00065,64
C01-00066,89
C01-00068,93
C01-00069,7
C01-00070,57
C01-00071,49
C01-00073,75
C01-00074,82
C01-00075,62
C01-00078,15
C01-00079,13
C01-00080,86
C01-00082,63
C01-00084,48
C01-00087,22
C01-00088,54
C01-00089,89
C01-00090,22
C01-00091,80
C01-00092,93
C01-00093,67
C01-00094,36
C01-00095,6
C01-00097,62
C01-00098,56
C01-00099,2
C01-00100,91
C01-00102,72
C01-00104,30
C01-00105,56
C01-00106,85
C01-00107,74
C01-00109,67
C01-00110,57
C01-00111,17
C01-00112,60
C01-00113,93
C01-00114,34
C01-00115,74
C01-00117,28
C01-00118,31
C01-00119,11
C01-00120,24
C01-00121,25
C01-00122,26
C01-00123,6
C01-00125,72
C01-00126,42
C01-00128,97
C01-00129,26
C01-00131,56
C01-00133,14
C01-00134,47
C01-00135,40
C01-00136,72
C01-00138,98
C01-00139,83
C01-00140,10
C01-00141,18
C01-00145,57
C01-00146,83
C01-00147,59
C01-00148,62
C01-00150,66
C01-00151,47
C01-00152,63
C01-00153,33
C01-00154,68
C01-00156,84
C01-00158,70
C01-00160,18
C01-00161,24
C01-00162,86
C01-00163,87
C01-00166,46
C01-00168,56
C01-00169,6
C01-00170,59
C01-00171,97
C01-00172,28
C01-00174,29
C01-00176,69
C01-00177,7
C01-00178,65
C01-00179,97
C02-00000,48
C02-00001,57
C02-00003,16
C02-00005,8
C02-00006,29
C02-00007,23
C02-00008,60
C02-00009,88
C02-00010,70
C02-00011,91
C02-00012,39
C02-00013,28
C02-00014,23
C02-00015,25
C02-00017,66
C02-00018,45
C02-00019,46
C02-00020,76
C02-00023,80
C02-00024,69
C02-00026,71
C02-00027,26
C02-00028,69
C02-00033,19
C02-00034,88
C02-00036,35
C02-00037,20
C02-00038,12
C02-00041,58
C02-00042,60
C02-00045,23
C02-00046,96
C02-00047,23
C02-00048,84
C02-00049,22
C02-00050,88
C02-00051,87
C02-00052,77
C02-00053,17
C02-00054,68
C02-00055,41
C02-00056,51
C02-00057,32
C02-00059,4
C02-00060,80
C02-00061,76
C02-00062,28
C02-00063,28
C02-00065,2
C02-00066,79
C02-00067,51
C02-00068,5
C02-00069,81
C02-00070,27
C02-00071,89
C02-00072,98
C02-00075,74
C02-00078,70
C02-00079,19
C02-00080,88
C02-00081,61
C02-00083,19
C02-00084,69
C02-00085,59
C02-00087,13
C02-00088,64
C02-00089,65
C02-00090,42
C02-00091,40
C02-00092,58
C02-00093,36
C02-00094,37
C02-00095,69
C02-00098,80
C02-00099,50
C02-00102,25
C02-00103,46
C02-00104,81
C02-00105,31
C02-00107,43
C02-00108,0
C02-00109,93
C02-00111,41
C02-00113,25
C02-00118,57
C02-00119,96
C02-00120,80
C02-00121,14
C02-00122,80
C02-00123,98
C02-00128,53
C02-00132,75
C02-00133,63
C02-00134,18
C02-00135,68
C02-00136,42
C02-00137,47
C02-00138,73
C02-00139,16
C02-00141,18
C02-00142,45
C02-00143,34
C02-00144,75
C02-00145,20
C02-00147,99
C02-00149,3
C02-00150,48
C02-00151,79
C02-00152,77
C02-00156,19
C02-00157,14
C02-00158,73
C02-00159,20
C02-00160,46
C02-00162,32
C02-00165,56
C02-00166,27
C02-00169,20
C02-00170,11
C02-00171,76
C02-00174,94
C02-00175,61
C02-00178,83
C02-00179,13
C03-00000,84
C03-00001,17
C03-00002,20
C03-00003,85
C03-00004,43
C03-00006,81
C03-00008,32
C03-00010,54
C03-00011,0
C03-00012,64
C03-00014,39
C03-00015,18
C03-00018,95
C03-00020,96
C03-00021,35
C03-00022,51
C03-00023,90
C03-00024,2
C03-00025,86
C03-00026,24
C03-00028,17
C03-00029,19
C03-00030,34
C03-00033,38
C03-00034,87
C03-00035,56
C03-00036,21
C03-00037,1
C03-00038,56
C03-00039,78
C03-00040,23
C03-00041,12
C03-00042,74
C03-00043,19
C03-00044,14
C03-00045,78
C03-00047,2
C03-00052,23
C03-00053,6
C03-00054,56
C03-00055,52
C03-00056,77
C03-00057,81
C03-00060,81
C03-00061,31
C03-00062,100
C03-00063,98
C03-00064,100
C03-00065,80
C03-00067,75
C03-00069,40
C03-00070,87
C03-00071,65
C03-00072,66
C03-00073,94
C03-00074,28
C03-00075,31
C03-00076,6
C03-00077,89
C03-00078,47
C03-00079,87
C03-00080,13
C03-00081,63
C03-00083,6
C03-00084,18
C03-00085,69
C03-00086,3
C03-00087,92
C03-00089,88
C03-00090,45
C03-00091,23
C03-00092,89
C03-00093,97
C03-00094,96
C03-00096,52
C03-00099,57
C03-00102,51
C03-00105,83
C03-00107,26
C03-00108,38
C03-00109,44
C03-00110,63
C03-00111,57
C03-00113,38
C03-00114,80
C03-00115,92
C03-00116,8
C03-00117,14
C03-00119,71
C03-00122,40
C03-00126,95
C03-00127,51
C03-00128,97
C03-00129,14
C03-00130,41
C03-00131,49
C03-00133,85
C03-00134,96
C03-00135,16
C03-00137,90
C03-00138,10
C03-00141,35
C03-00142,87
C03-00143,38
C03-00144,13
C03-00145,63
C03-00146,12
C03-00148,1
C03-00149,77
C03-00150,27
C03-00151,61
C03-00152,74
C03-00153,74
C03-00155,62
C03-00157,17
C03-00158,71
C03-00159,10
C03-00160,74
C03-00161,74
C03-00163,87
C03-00164,82
C03-00165,98
C03-00166,43
C03-00167,38
C03-00168,18
C03-00169,58
C03-00171,13
C03-00173,9
C03-00175,37
C03-00176,71
C03-00178,91
C03-00179,13
C04-00000,40
C04-00001,95
C04-00002,23
C04-00005,11
C04-00006,44
C04-00007,50
C04-00008,9
C04-00009,42
C04-00010,39
C04-00012,87
C04-00014,86
C04-00015,86
C04-00016,95
C04-00018,72
C04-00020,59
C04-00021,64
C04-00022,19
C04-00023,35
C04-00025,16
C04-00026,6
C04-00027,50
C04-00028,46
C04-00030,31
C04-00031,93
C04-00032,60
C04-00033,20
C04-00034,25
C04-00035,11
C04-00037,46
C04-00038,64
C04-00039,27
C04-00040,47
C04-00041,69
C04-00042,44
C04-00045,87
C04-00046,75
C04-00047,77
C04-00048,46
C04-00049,4
C04-00050,81
C04-00052,43
C04-00053,77
C04-00055,8
C04-00056,72
C04-00057,70
C04-00058,39
C04-00059,32
C04-00061,38
C04-00064,60
C04-00065,44
C04-00066,45
C04-00067,54
C04-00068,3
C04-00069,22
C04-00070,43
C04-00071,39
C04-00072,59
C04-00073,83
C04-00074,20
C04-00075,8
C04-00076,91
C04-00077,35
C04-00078,23
C04-00081,59
C04-00083,15
C04-00084,32
C04-00085,9
C04-00088,70
C04-00089,49
C04-00090,71
C04-00092,45
C04-00093,29
C04-00094,36
C04-00095,85
C04-00098,2
C04-00099,63
C04-00101,97
C04-00105,34
C04-00108,28
C04-00109,6
C04-00110,68
C04-00111,1
C04-00112,50
C04-00113,81
C04-00114,79
C04-00115,69
C04-00117,31
C04-00119,18
C04-00123,50
C04-00125,4
C04-00126,7
C04-00129,14
C04-00130,13
C04-00132,56
C04-00133,31
C04-00135,45
C04-00136,43
C04-00137,77
C04-00138,18
C04-00140,86
C04-00141,16
C04-00142,2
C04-00143,41
C04-00146,19
C04-00147,28
C04-00148,57
C04-00149,38
C04-00150,52
C04-00151,67
C04-00152,97
C04-00154,58
C04-00155,41
C04-00156,72
C04-00158,84
C04-00159,7
C04-00160,42
C04-00161,74
C04-00162,28
C04-00163,55
C04-00164,82
C04-00165,74
C04-00166,64
C04-00167,63
C04-00169,43
C04-00170,62
C04-00171,93
C04-00172,10
C04-00174,17
C04-00175,17
C04-00176,82
C04-00177,13
C04-00178,38
C04-00179,93
C05-00001,29
C05-00002,67
C05-00004,43
C05-00005,98
C05-00006,90
C05-00007,4
C05-00009,74
C05-00011,66
C05-00016,20
C05-00017,86
C05-00018,55
C05-00019,66
C05-00021,89
C05-00022,6
C05-00023,77
C05-00024,92
C05-00026,77
C05-00028,90
C05-00030,48
C05-00031,90
C05-00032,61
C05-00037,22
C05-00038,41
C05-00039,18
C05-00042,51
C05-00043,91
C05-00044,28
C05-00046,2
C05-00049,16
C05-00050,73
C05-00051,19
C05-00052,33
C05-00054,32
C05-00055,18
C05-00056,42
C05-00057,55
C05-00060,36
C05-00061,54
C05-00066,3
C05-00067,39
C05-00069,91
C05-00070,53
C05-00071,46
C05-00072,81
C05-00076,11
C05-00077,57
C05-00078,44
C05-00080,74
C05-00081,25
C05-00082,77
C05-00084,88
C05-00085,66
C05-00086,78
C05-00087,9
C05-00089,20
C05-00090,60
C05-00091,98
C05-00092,51
C05-00093,71
C05-00094,28
C05-00095,79
C05-00097,21
C05-00101,11
C05-00102,98
C05-00103,84
C05-00104,41
C05-00105,47
C05-00106,13
C05-00107,43
C05-00108,52
C05-00109,88
C05-00110,75
C05-00111,36
C05-00113,94
C05-00114,0
C05-00115,43
C05-00117,0
C05-00119,37
C05-00121,91
C05-00122,87
C05-00123,12
C05-00124,33
C05-00127,67
C05-00128,14
C05-00131,96
C05-00132,74
C05-00133,4
C05-00134,10
C05-00135,24
C05-00136,68
C05-00137,21
C05-00138,79
C05-00139,87
C05-00140,92
C05-00141,98
C05-00142,69
C05-00144,7
C05-00146,47
C05-00148,46
C05-00149,25
C05-00150,85
C05-00152,64
C05-00155,88
C05-00156,93
C05-00158,33
C05-00160,78
C05-00161,24
C05-00164,92
C05-00167,73
C05-00169,63
C05-00170,18
C05-00171,0
C05-00172,68
C05-00173,11
C05-00174,88
C05-00175,65
C05-00176,96
C05-00177,49
C05-00178,87
C05-00180,40
C05-00181,38
C05-00183,100
C05-00184,79
C05-00185,26
C05-00186,14
C05-00187,79
C05-00188,29
C05-00189,1
C05-00190,37
C05-00191,17
C05-00192,53
C05-00193,53
C05-00197,40
C05-00198,10
C05-00199,70
C05-00200,46
C05-00201,74
C05-00202,31
C05-00203,97
C05-00205,24
C05-00206,37
C05-00207,16
C05-00210,84
C05-00212,82
C05-00213,84
C05-00214,71
C05-00216,94
C05-00217,89
C05-00219,66
C05-00220,19
C05-00223,34
C05-00225,25
C05-00226,63
C05-00228,90
C05-00230,92
C05-00231,84
C05-00232,85
C05-00233,35
C05-00234,86
C05-00237,75
C05-00238,53
C05-00239,34
C05-00240,34
C05-00243,79
C05-00244,59
C05-00245,98
C05-00246,68
C05-00247,50
C05-00249,14
C05-00252,61
C05-00253,58
C05-00256,27
C05-00257,79
C05-00258,16
C05-00260,44
C05-00262,83
C05-00264,4
C05-00265,30
C05-00267,89
C06-00003,44
C06-00004,33
C06-00006,95
C06-00007,76
C06-00008,63
C06-00010,12
C06-00011,2
C06-00012,5
C06-00014,0
C06-00015,81
C06-00017,28
C06-00019,7
C06-00020,0
C06-00021,35
C06-00022,66
C06-00024,67
C06-00025,6
C06-00026,43
C06-00027,76
C06-00028,53
C06-00029,4
C06-00030,97
C06-00033,62
C06-00034,32
C06-00035,42
C06-00038,6
C06-00040,80
C06-00041,17
C06-00042,54
C06-00043,35
C06-00044,37
C06-00046,8
C06-00047,42
C06-00048,9
C06-00049,26
C06-00050,27
C06-00052,63
C06-00053,87
C06-00054,46
C06-00055,95
C06-00056,11
C06-00057,8
C06-00058,90
C06-00059,58
C06-00060,0
C06-00063,76
C06-00064,70
C06-00066,71
C06-00067,53
C06-00068,28
C06-00069,72
C06-00071,54
C06-00072,66
C06-00074,53
C06-00076,57
C06-00078,93
C06-00080,13
C06-00084,79
C06-00085,41
C06-00087,76
C06-00088,9
C06-00089,75
C06-00091,28
C06-00092,48
C06-00093,47
C06-00094,14
C06-00095,27
C06-00096,47
C06-00098,75
C06-00099,66
C06-00100,84
C06-00101,83
C06-00102,10
C06-00105,47
C06-00106,72
C06-00107,87
C06-00111,25
C06-00113,37
C06-00114,88
C06-00116,72
C06-00118,85
C06-00119,55
C06-00120,0
C06-00121,37
C06-00122,57
C06-00124,23
C06-00126,13
C06-00128,74
C06-00129,43
C06-00130,57
C06-00133,12
C06-00134,18
C06-00135,70
C06-00137,4
C06-00138,89
C06-00139,59
C06-00140,65
C06-00141,66
C06-00142,83
C06-00143,44
C06-00144,43
C06-00146,50
C06-00148,13
C06-00149,68
C06-00150,15
C06-00151,20
C06-00152,94
C06-00153,96
C06-00155,79
C06-00156,63
C06-00158,61
C06-00159,81
C06-00160,62
C06-00162,11
C06-00164,51
C06-00165,48
C06-00166,79
C06-00167,43
C06-00169,92
C06-00173,48
C06-00174,96
C06-00176,97
C06-00177,58
C06-00178,63
C06-00179,94
C06-00183,39
C06-00184,0
C06-00186,21
C06-00187,97
C06-00188,42
C06-00189,10
C06-00190,11
C06-00191,79
C06-00195,97
C06-00198,36
C06-00199,5
C06-00200,46
C06-00201,58
C06-00203,13
C06-00205,14
C06-00208,100
C06-00209,42
C06-00210,80
C06-00212,74
C06-00213,31
C06-00214,22
C06-00215,53
C06-00218,69
C06-00219,9
C06-00221,91
C06-00223,8
C06-00225,60
C06-00227,71
C06-00228,82
C06-00229,42
C06-00231,50
C06-00232,23
C06-00233,37
C06-00235,42
C06-00236,65
C06-00237,61
C06-00238,14
C06-00239,39
C06-00240,60
C06-00241,92
C06-00243,96
C06-00244,100
C06-00245,55
C06-00248,89
C06-00250,72
C06-00251,79
C06-00252,25
C06-00253,57
C06-00254,59
C06-00255,21
C06-00257,0
C06-00258,33
C06-00259,45
C06-00260,50
C06-00263,26
C06-00264,37
C06-00265,14
C06-00266,85
C07-00000,36
C07-00001,96
C07-00002,63
C07-00003,23
C07-00004,48
C07-00005,72
C07-00007,3
C07-00009,10
C07-00010,36
C07-00012,31
C07-00013,84
C07-00014,56
C07-00017,91
C07-00018,83
C07-00019,14
C07-00020,14
C07-00021,20
C07-00022,13
C07-00024,47
C07-00025,78
C07-00026,53
C07-00029,56
C07-00030,37
C07-00034,49
C07-00035,87
C07-00036,44
C07-00037,56
C07-00039,53
C07-00041,34
C07-00043,98
C07-00046,91
C07-00047,77
C07-00049,77
C07-00050,73
C07-00052,58
C07-00053,83
C07-00054,18
C07-00055,75
C07-00058,2
C07-00059,31
C07-00061,4
C07-00062,22
C07-00063,91
C07-00066,35
C07-00067,83
C07-00069,14
C07-00070,92
C07-00071,8
C07-00072,32
C07-00073,25
C07-00075,55
C07-00076,60
C07-00077,73
C07-00078,66
C07-00079,95
C07-00080,15
C07-00081,7
C07-00083,8
C07-00084,62
C07-00085,18
C07-00086,62
C07-00087,89
C07-00089,81
C07-00091,6
C07-00092,2
C07-00093,46
C07-00094,99
C07-00096,68
C07-00097,67
C07-00098,71
C07-00099,4
C07-00100,99
C07-00102,77
C07-00103,53
C07-00104,53
C07-00105,41
C07-00107,7
C07-00108,53
C07-00110,62
C07-00111,95
C07-00112,85
C07-00114,30
C07-00115,99
C07-00117,3
C07-00118,29
C07-00119,39
C07-00120,83
C07-00125,61
C07-00126,3
C07-00128,79
C07-00130,67
C07-00131,3
C07-00132,88
C07-00134,6
C07-00135,84
C07-00136,57
C07-00137,57
C07-00139,46
C07-00140,0
C07-00141,69
C07-00142,93
C07-00144,37
C07-00145,16
C07-00146,5
C07-00147,78
C07-00149,38
C07-00153,66
C07-00156,19
C07-00158,81
C07-00160,62
C07-00162,45
C07-00164,43
C07-00167,14
C07-00168,63
C07-00169,52
C07-00170,50
C07-00171,14
C07-00172,50
C07-00173,57
C07-00174,96
C07-00175,100
C07-00177,7
C07-00179,14
C07-00180,59
C07-00182,73
C07-00183,57
C07-00185,90
C07-00186,47
C07-00187,8
C07-00188,90
C07-00190,19
C07-00192,7
C07-00193,93
C07-00195,40
C07-00199,90
C07-00201,30
C07-00202,54
C07-00203,34
C07-00207,75
C07-00211,0
C07-00212,30
C07-00213,99
C07-00214,84
C07-00218,17
C07-00221,94
C07-00222,53
C07-00223,84
C07-00224,44
C07-00225,97
C07-00226,93
C07-00227,63
C07-00228,35
C07-00229,0
C07-00230,38
C07-00231,68
C07-00232,40
C07-00233,94
C07-00237,68
C07-00239,49
C07-00241,7
C07-00242,70
C07-00243,19
C07-00244,83
C07-00245,60
C07-00246,100
C07-00247,28
C07-00248,62
C07-00251,39
C07-00253,74
C07-00254,10
C07-00255,32
C07-00256,4
C07-00257,92
C07-00258,26
C07-00259,72
C07-00261,19
C07-00262,66
C07-00263,30
C07-00264,79
C07-00265,86
C07-00266,8
C07-00267,45
C08-00000,0
C08-00002,65
C08-00003,66
C08-00004,39
C08-00005,46
C08-00007,18
C08-00008,77
C08-00009,54
C08-00010,44
C08-00012,54
C08-00013,59
C08-00014,88
C08-00015,47
C08-00016,6
C08-00017,7
C08-00018,88
C08-00019,60
C08-00021,88
C08-00022,50
C08-00023,19
C08-00024,95
C08-00028,37
C08-00031,27
C08-00033,75
C08-00034,36
C08-00036,18
C08-00041,76
C08-00042,0
C08-00043,2
C08-00044,79
C08-00045,8
C08-00047,99
C08-00048,50
C08-00050,20
C08-00052,16
C08-00053,91
C08-00054,94
C08-00056,68
C08-00057,25
C08-00059,20
C08-00060,53
C08-00062,21
C08-00063,77
C08-00064,26
C08-00065,64
C08-00066,39
C08-00068,77
C08-00069,80
C08-00070,68
C08-00071,14
C08-00072,38
C08-00074,60
C08-00075,66
C08-00076,59
C08-00080,25
C08-00082,42
C08-00083,50
C08-00085,73
C08-00086,14
C08-00087,18
C08-00088,51
C08-00089,88
C08-00090,25
C08-00091,95
C08-00092,61
C08-00094,12
C08-00095,11
C08-00097,81
C08-00098,33
C08-00099,61
C08-00100,19
C08-00104,92
C08-00108,27
C08-00109,38
C08-00112,90
C08-00116,78
C08-00117,53
C08-00118,42
C08-00119,47
C08-00122,54
C08-00125,9
C08-00126,100
C08-00128,12
C08-00129,39
C08-00133,93
C08-00134,94
C08-00138,77
C08-00139,57
C08-00140,30
C08-00143,71
C08-00144,38
C08-00147,83
C08-00149,36
C08-00151,11
C08-00155,6
C08-00157,89
C08-00159,33
C08-00162,73
C08-00163,52
C08-00164,74
C08-00165,96
C08-00166,95
C08-00168,78
C08-00169,66
C08-00170,68
C08-00171,92
C08-00172,28
C08-00173,89
C08-00176,34
C08-00177,18
C08-00178,6
C08-00179,39
C08-00181,74
C08-00182,51
C08-00183,9
C08-00184,25
C08-00186,65
C08-00187,62
C08-00188,53
C08-00189,46
C08-00191,60
C08-00193,11
C08-00194,44
C08-00197,65
C08-00198,55
C08-00199,27
C08-00200,14
C08-00201,80
C08-00203,5
C08-00204,30
C08-00206,9
C08-00207,34
C08-00208,0
C08-00209,47
C08-00210,1
C08-00212,85
C08-00213,58
C08-00215,53
C08-00217,94
C08-00219,70
C08-00221,29
C08-00222,92
C08-00224,100
C08-00225,6
C08-00226,99
C08-00230,76
C08-00231,100
C08-00232,32
C08-00233,56
C08-00234,84
C08-00236,74
C08-00237,1
C08-00238,52
C08-00239,10
C08-00243,45
C08-00245,82
C08-00248,69
C08-00249,98
C08-00250,66
C08-00251,63
C08-00252,62
C08-00253,77
C08-00256,85
C08-00257,25
C08-00258,69
C08-00260,5
C08-00261,29
C08-00262,22
C08-00263,52
C08-00265,54
C08-00266,28
C08-00268,58
C08-00269,20
