grupo,cliente,tipo,segmento,elegible
con_descuento,C000,existente,Servicios,1
con_descuento,C001,existente,Comercio,1
con_descuento,C002,existente,Servicios,1
con_descuento,C003,existente,Comercio,1
con_descuento,C004,existente,Servicios,1
con_descuento,C005,existente,Comercio,1
con_descuento,C006,existente,Servicios,1
con_descuento,C007,existente,Comercio,1
con_descuento,C008,existente,Servicios,1
con_descuento,C009,existente,Comercio,1
con_descuento,C010,existente,Servicios,1
con_descuento,C011,existente,Comercio,1
con_descuento,C012,existente,Servicios,1
con_descuento,C013,existente,Comercio,1
con_descuento,C014,existente,Servicios,1
con_descuento,C015,existente,Comercio,1
con_descuento,C016,existente,Servicios,1
con_descuento,C017,existente,Comercio,1
con_descuento,C018,existente,Servicios,1
con_descuento,C019,existente,Comercio,1
con_descuento,C020,existente,Servicios,1
con_descuento,C021,existente,Comercio,1
con_descuento,C022,existente,Servicios,1
con_descuento,C023,existente,Comercio,1
con_descuento,C024,existente,Servicios,1
con_descuento,C025,existente,Comercio,1
con_descuento,C026,existente,Servicios,1
con_descuento,C027,existente,Comercio,1
con_descuento,C028,existente,Servicios,1
con_descuento,C029,existente,Comercio,1
con_descuento,C030,existente,Servicios,1
con_descuento,C031,existente,Comercio,1
con_descuento,C032,existente,Servicios,1
con_descuento,C033,existente,Comercio,1
con_descuento,C034,existente,Servicios,1
con_descuento,C035,existente,Comercio,1
con_descuento,C036,existente,Servicios,1
con_descuento,C037,existente,Comercio,1
con_descuento,C038,existente,Servicios,1
con_descuento,C039,existente,Comercio,1
con_descuento,C040,existente,Servicios,1
con_descuento,C041,existente,Comercio,1
con_descuento,C042,existente,Servicios,1
con_descuento,C043,existente,Comercio,1
con_descuento,C044,existente,Servicios,1
con_descuento,C045,existente,Comercio,1
con_descuento,C046,existente,Servicios,1
con_descuento,C047,existente,Comercio,1
con_descuento,C048,existente,Servicios,1
con_descuento,C049,existente,Comercio,1
con_descuento,C050,existente,Servicios,0
con_descuento,C051,existente,Comercio,0
con_descuento,C052,existente,Servicios,0
con_descuento,C053,existente,Comercio,0
con_descuento,C054,existente,Servicios,0
con_descuento,C055,existente,Comercio,0
con_descuento,C056,existente,Servicios,0
con_descuento,C057,existente,Comercio,0
con_descuento,C058,existente,Servicios,0
con_descuento,C059,existente,Comercio,0
con_descuento,C060,existente,Servicios,0
con_descuento,C061,existente,Comercio,0
con_descuento,C062,existente,Servicios,0
con_descuento,C063,existente,Comercio,0
con_descuento,C064,existente,Servicios,0
con_descuento,C065,existente,Comercio,0
con_descuento,C066,existente,Servicios,0
con_descuento,C067,existente,Comercio,0
con_descuento,C068,existente,Servicios,0
con_descuento,C069,existente,Comercio,0
con_descuento,C070,existente,Servicios,0
con_descuento,C071,existente,Comercio,0
con_descuento,C072,existente,Servicios,0
con_descuento,C073,existente,Comercio,0
con_descuento,C074,existente,Servicios,0
con_descuento,C075,existente,Comercio,0
con_descuento,C076,existente,Servicios,0
con_descuento,C077,existente,Comercio,0
con_descuento,C078,existente,Servicios,0
con_descuento,C079,existente,Comercio,0
con_descuento,C080,existente,Servicios,0
con_descuento,C081,existente,Comercio,0
con_descuento,C082,existente,Servicios,0
con_descuento,C083,existente,Comercio,0
con_descuento,C084,existente,Servicios,0
con_descuento,C085,existente,Comercio,0
con_descuento,C086,existente,Servicios,0
con_descuento,C087,existente,Comercio,0
con_descuento,C088,existente,Servicios,0
con_descuento,C089,existente,Comercio,0
con_descuento,C090,existente,Servicios,0
con_descuento,C091,existente,Comercio,0
con_descuento,C092,existente,Servicios,0
con_descuento,C093,existente,Comercio,0
con_descuento,C094,existente,Servicios,0
con_descuento,C095,existente,Comercio,0
con_descuento,C096,existente,Servicios,0
con_descuento,C097,existente,Comercio,0
con_descuento,C098,existente,Servicios,0
con_descuento,C099,existente,Comercio,0
con_descuento,C100,nuevo,Servicios,0
con_descuento,C101,nuevo,Comercio,0
con_descuento,C102,nuevo,Servicios,0
con_descuento,C103,nuevo,Comercio,0
con_descuento,C104,nuevo,Servicios,0
con_descuento,C105,reactivado,Comercio,0
con_descuento,C106,reactivado,Servicios,0
con_descuento,C107,reactivado,Comercio,0
con_descuento,C108,reactivado,Servicios,0
con_descuento,C109,reactivado,Comercio,0
