grupo,descuento_id,suscripcion,componente,tipo,valor,porcentaje_equivalente,inicio,fin,duracion_meses,objetivo,responsable
con_descuento,D000,S000-0,S000-0-base,fijo,4000,36.36363636363637,2025-07-01,2025-10-01,3,ampliacion,Comercial (supuesto)
con_descuento,D001,S001-0,S001-0-base,fijo,4000,36.36363636363637,2025-07-01,2025-10-01,3,ampliacion,Comercial (supuesto)
con_descuento,D002,S002-0,S002-0-base,fijo,4000,36.36363636363637,2025-07-01,2025-10-01,3,ampliacion,Comercial (supuesto)
con_descuento,D003,S003-0,S003-0-base,fijo,4000,36.36363636363637,2025-07-01,2025-10-01,3,ampliacion,Comercial (supuesto)
con_descuento,D004,S004-0,S004-0-base,fijo,4000,36.36363636363637,2025-07-01,2025-10-01,3,ampliacion,Comercial (supuesto)
con_descuento,D005,S005-0,S005-0-base,fijo,4000,36.36363636363637,2025-07-01,2025-10-01,3,ampliacion,Comercial (supuesto)
con_descuento,D006,S006-0,S006-0-base,fijo,4000,36.36363636363637,2025-07-01,2025-10-01,3,ampliacion,Comercial (supuesto)
con_descuento,D007,S007-0,S007-0-base,fijo,4000,36.36363636363637,2025-07-01,2025-10-01,3,ampliacion,Comercial (supuesto)
con_descuento,D008,S008-0,S008-0-base,fijo,4000,36.36363636363637,2025-07-01,2025-10-01,3,ampliacion,Comercial (supuesto)
con_descuento,D009,S009-0,S009-0-base,fijo,4000,36.36363636363637,2025-07-01,2025-10-01,3,ampliacion,Comercial (supuesto)
con_descuento,D010,S010-0,S010-0-base,fijo,4000,36.36363636363637,2025-07-01,2025-10-01,3,ampliacion,Comercial (supuesto)
con_descuento,D011,S011-0,S011-0-base,fijo,4000,36.36363636363637,2025-07-01,2025-10-01,3,ampliacion,Comercial (supuesto)
con_descuento,D012,S012-0,S012-0-base,fijo,4000,36.36363636363637,2025-07-01,2025-10-01,3,ampliacion,Comercial (supuesto)
con_descuento,D013,S013-0,S013-0-base,fijo,4000,36.36363636363637,2025-07-01,2025-10-01,3,ampliacion,Comercial (supuesto)
con_descuento,D014,S014-0,S014-0-base,fijo,4000,36.36363636363637,2025-07-01,2025-10-01,3,ampliacion,Comercial (supuesto)
con_descuento,D015,S015-0,S015-0-base,fijo,4000,36.36363636363637,2025-07-01,2025-10-01,3,ampliacion,Comercial (supuesto)
con_descuento,D016,S016-0,S016-0-base,fijo,4000,36.36363636363637,2025-07-01,2025-10-01,3,ampliacion,Comercial (supuesto)
con_descuento,D017,S017-0,S017-0-base,fijo,4000,36.36363636363637,2025-07-01,2025-10-01,3,ampliacion,Comercial (supuesto)
con_descuento,D018,S018-0,S018-0-base,fijo,4000,36.36363636363637,2025-07-01,2025-10-01,3,ampliacion,Comercial (supuesto)
con_descuento,D019,S019-0,S019-0-base,fijo,4000,36.36363636363637,2025-07-01,2025-10-01,3,ampliacion,Comercial (supuesto)
con_descuento,D020,S020-0,S020-0-base,fijo,4000,36.36363636363637,2025-07-01,2025-10-01,3,ampliacion,Comercial (supuesto)
con_descuento,D021,S021-0,S021-0-base,fijo,4000,36.36363636363637,2025-07-01,2025-10-01,3,ampliacion,Comercial (supuesto)
con_descuento,D022,S022-0,S022-0-base,fijo,4000,36.36363636363637,2025-07-01,2025-10-01,3,ampliacion,Comercial (supuesto)
con_descuento,D023,S023-0,S023-0-base,fijo,4000,36.36363636363637,2025-07-01,2025-10-01,3,ampliacion,Comercial (supuesto)
con_descuento,D024,S024-0,S024-0-base,fijo,4000,36.36363636363637,2025-07-01,2025-10-01,3,ampliacion,Comercial (supuesto)
con_descuento,D025,S025-0,S025-0-base,fijo,4000,36.36363636363637,2025-07-01,2025-10-01,3,ampliacion,Comercial (supuesto)
con_descuento,D026,S026-0,S026-0-base,fijo,4000,36.36363636363637,2025-07-01,2025-10-01,3,ampliacion,Comercial (supuesto)
con_descuento,D027,S027-0,S027-0-base,fijo,4000,36.36363636363637,2025-07-01,2025-10-01,3,ampliacion,Comercial (supuesto)
con_descuento,D028,S028-0,S028-0-base,fijo,4000,36.36363636363637,2025-07-01,2025-10-01,3,ampliacion,Comercial (supuesto)
con_descuento,D029,S029-0,S029-0-base,fijo,4000,36.36363636363637,2025-07-01,2025-10-01,3,ampliacion,Comercial (supuesto)
con_descuento,D030,S030-0,S030-0-base,fijo,4000,36.36363636363637,2025-07-01,2025-10-01,3,ampliacion,Comercial (supuesto)
con_descuento,D031,S031-0,S031-0-base,fijo,4000,36.36363636363637,2025-07-01,2025-10-01,3,ampliacion,Comercial (supuesto)
con_descuento,D032,S032-0,S032-0-base,fijo,4000,36.36363636363637,2025-07-01,2025-10-01,3,ampliacion,Comercial (supuesto)
con_descuento,D033,S033-0,S033-0-base,fijo,4000,36.36363636363637,2025-07-01,2025-10-01,3,ampliacion,Comercial (supuesto)
con_descuento,D034,S034-0,S034-0-base,fijo,4000,36.36363636363637,2025-07-01,2025-10-01,3,ampliacion,Comercial (supuesto)
con_descuento,D035,S035-0,S035-0-base,fijo,4000,36.36363636363637,2025-07-01,2025-10-01,3,ampliacion,Comercial (supuesto)
con_descuento,D036,S036-0,S036-0-base,fijo,4000,36.36363636363637,2025-07-01,2025-10-01,3,ampliacion,Comercial (supuesto)
con_descuento,D037,S037-0,S037-0-base,fijo,4000,36.36363636363637,2025-07-01,2025-10-01,3,ampliacion,Comercial (supuesto)
con_descuento,D038,S038-0,S038-0-base,fijo,4000,36.36363636363637,2025-07-01,2025-10-01,3,ampliacion,Comercial (supuesto)
con_descuento,D039,S039-0,S039-0-base,fijo,4000,36.36363636363637,2025-07-01,2025-10-01,3,ampliacion,Comercial (supuesto)
con_descuento,D040,S040-0,S040-0-base,fijo,4000,36.36363636363637,2025-07-01,2025-10-01,3,ampliacion,Comercial (supuesto)
con_descuento,D041,S041-0,S041-0-base,fijo,4000,36.36363636363637,2025-07-01,2025-10-01,3,ampliacion,Comercial (supuesto)
con_descuento,D042,S042-0,S042-0-base,fijo,4000,36.36363636363637,2025-07-01,2025-10-01,3,ampliacion,Comercial (supuesto)
con_descuento,D043,S043-0,S043-0-base,fijo,4000,36.36363636363637,2025-07-01,2025-10-01,3,ampliacion,Comercial (supuesto)
con_descuento,D044,S044-0,S044-0-base,fijo,4000,36.36363636363637,2025-07-01,2025-10-01,3,ampliacion,Comercial (supuesto)
con_descuento,D045,S045-0,S045-0-base,fijo,4000,36.36363636363637,2025-07-01,2025-10-01,3,ampliacion,Comercial (supuesto)
con_descuento,D046,S046-0,S046-0-base,fijo,4000,36.36363636363637,2025-07-01,2025-10-01,3,ampliacion,Comercial (supuesto)
con_descuento,D047,S047-0,S047-0-base,fijo,4000,36.36363636363637,2025-07-01,2025-10-01,3,ampliacion,Comercial (supuesto)
con_descuento,D048,S048-0,S048-0-base,fijo,4000,36.36363636363637,2025-07-01,2025-10-01,3,ampliacion,Comercial (supuesto)
con_descuento,D049,S049-0,S049-0-base,fijo,4000,36.36363636363637,2025-07-01,2025-10-01,3,ampliacion,Comercial (supuesto)
