grupo,precio_id,componente,tarifa,inicio,fin
con_descuento,S000-0-base-P1,S000-0-base,1000,2025-01-01,
con_descuento,S001-0-base-P1,S001-0-base,1000,2025-01-01,
con_descuento,S002-0-base-P1,S002-0-base,1000,2025-01-01,
con_descuento,S003-0-base-P1,S003-0-base,1000,2025-01-01,
con_descuento,S004-0-base-P1,S004-0-base,1000,2025-01-01,
con_descuento,S005-0-base-P1,S005-0-base,1000,2025-01-01,
con_descuento,S006-0-base-P1,S006-0-base,1000,2025-01-01,
con_descuento,S007-0-base-P1,S007-0-base,1000,2025-01-01,
con_descuento,S008-0-base-P1,S008-0-base,1000,2025-01-01,
con_descuento,S009-0-base-P1,S009-0-base,1000,2025-01-01,
con_descuento,S010-0-base-P1,S010-0-base,1000,2025-01-01,
con_descuento,S011-0-base-P1,S011-0-base,1000,2025-01-01,
con_descuento,S012-0-base-P1,S012-0-base,1000,2025-01-01,
con_descuento,S013-0-base-P1,S013-0-base,1000,2025-01-01,
con_descuento,S014-0-base-P1,S014-0-base,1000,2025-01-01,
con_descuento,S015-0-base-P1,S015-0-base,1000,2025-01-01,
con_descuento,S016-0-base-P1,S016-0-base,1000,2025-01-01,
con_descuento,S017-0-base-P1,S017-0-base,1000,2025-01-01,
con_descuento,S018-0-base-P1,S018-0-base,1000,2025-01-01,
con_descuento,S019-0-base-P1,S019-0-base,1000,2025-01-01,
con_descuento,S020-0-base-P1,S020-0-base,1000,2025-01-01,
con_descuento,S021-0-base-P1,S021-0-base,1000,2025-01-01,
con_descuento,S022-0-base-P1,S022-0-base,1000,2025-01-01,
con_descuento,S023-0-base-P1,S023-0-base,1000,2025-01-01,
con_descuento,S024-0-base-P1,S024-0-base,1000,2025-01-01,
con_descuento,S025-0-base-P1,S025-0-base,1000,2025-01-01,
con_descuento,S026-0-base-P1,S026-0-base,1000,2025-01-01,
con_descuento,S027-0-base-P1,S027-0-base,1000,2025-01-01,
con_descuento,S028-0-base-P1,S028-0-base,1000,2025-01-01,
con_descuento,S029-0-base-P1,S029-0-base,1000,2025-01-01,
con_descuento,S030-0-base-P1,S030-0-base,1000,2025-01-01,
con_descuento,S031-0-base-P1,S031-0-base,1000,2025-01-01,
con_descuento,S032-0-base-P1,S032-0-base,1000,2025-01-01,
con_descuento,S033-0-base-P1,S033-0-base,1000,2025-01-01,
con_descuento,S034-0-base-P1,S034-0-base,1000,2025-01-01,
con_descuento,S035-0-base-P1,S035-0-base,1000,2025-01-01,
con_descuento,S036-0-base-P1,S036-0-base,1000,2025-01-01,
con_descuento,S037-0-base-P1,S037-0-base,1000,2025-01-01,
con_descuento,S038-0-base-P1,S038-0-base,1000,2025-01-01,
con_descuento,S039-0-base-P1,S039-0-base,1000,2025-01-01,
con_descuento,S040-0-base-P1,S040-0-base,1000,2025-01-01,
con_descuento,S041-0-base-P1,S041-0-base,1000,2025-01-01,
con_descuento,S042-0-base-P1,S042-0-base,1000,2025-01-01,
con_descuento,S043-0-base-P1,S043-0-base,1000,2025-01-01,
con_descuento,S044-0-base-P1,S044-0-base,1000,2025-01-01,
con_descuento,S045-0-base-P1,S045-0-base,1000,2025-01-01,
con_descuento,S046-0-base-P1,S046-0-base,1000,2025-01-01,
con_descuento,S047-0-base-P1,S047-0-base,1000,2025-01-01,
con_descuento,S048-0-base-P1,S048-0-base,1000,2025-01-01,
con_descuento,S049-0-base-P1,S049-0-base,1000,2025-01-01,
con_descuento,S050-0-base-P1,S050-0-base,1000,2025-01-01,
con_descuento,S051-0-base-P1,S051-0-base,1000,2025-01-01,
con_descuento,S052-0-base-P1,S052-0-base,1000,2025-01-01,
con_descuento,S053-0-base-P1,S053-0-base,1000,2025-01-01,
con_descuento,S054-0-base-P1,S054-0-base,1000,2025-01-01,
con_descuento,S055-0-base-P1,S055-0-base,1000,2025-01-01,
con_descuento,S056-0-base-P1,S056-0-base,1000,2025-01-01,
con_descuento,S057-0-base-P1,S057-0-base,1000,2025-01-01,
con_descuento,S058-0-base-P1,S058-0-base,1000,2025-01-01,
con_descuento,S059-0-base-P1,S059-0-base,1000,2025-01-01,
con_descuento,S060-0-base-P1,S060-0-base,1000,2025-01-01,
con_descuento,S061-0-base-P1,S061-0-base,1000,2025-01-01,
con_descuento,S062-0-base-P1,S062-0-base,1000,2025-01-01,
con_descuento,S063-0-base-P1,S063-0-base,1000,2025-01-01,
con_descuento,S064-0-base-P1,S064-0-base,1000,2025-01-01,
con_descuento,S065-0-base-P1,S065-0-base,1000,2025-01-01,
con_descuento,S066-0-base-P1,S066-0-base,1000,2025-01-01,
con_descuento,S067-0-base-P1,S067-0-base,1000,2025-01-01,
con_descuento,S068-0-base-P1,S068-0-base,1000,2025-01-01,
con_descuento,S069-0-base-P1,S069-0-base,1000,2025-01-01,
con_descuento,S070-0-base-P1,S070-0-base,1000,2025-01-01,2025-12-01
con_descuento,S070-0-base-P2,S070-0-base,1100,2025-12-01,
con_descuento,S071-0-base-P1,S071-0-base,1000,2025-01-01,2025-12-01
con_descuento,S071-0-base-P2,S071-0-base,1100,2025-12-01,
con_descuento,S072-0-base-P1,S072-0-base,1000,2025-01-01,2025-12-01
con_descuento,S072-0-base-P2,S072-0-base,1100,2025-12-01,
con_descuento,S073-0-base-P1,S073-0-base,1000,2025-01-01,2025-12-01
con_descuento,S073-0-base-P2,S073-0-base,1100,2025-12-01,
con_descuento,S074-0-base-P1,S074-0-base,1000,2025-01-01,2025-12-01
con_descuento,S074-0-base-P2,S074-0-base,1100,2025-12-01,
con_descuento,S075-0-base-P1,S075-0-base,1000,2025-01-01,2025-12-01
con_descuento,S075-0-base-P2,S075-0-base,1100,2025-12-01,
con_descuento,S076-0-base-P1,S076-0-base,1000,2025-01-01,2025-12-01
con_descuento,S076-0-base-P2,S076-0-base,1100,2025-12-01,
con_descuento,S077-0-base-P1,S077-0-base,1000,2025-01-01,2025-12-01
con_descuento,S077-0-base-P2,S077-0-base,1100,2025-12-01,
con_descuento,S078-0-base-P1,S078-0-base,1000,2025-01-01,2025-12-01
con_descuento,S078-0-base-P2,S078-0-base,1100,2025-12-01,
con_descuento,S079-0-base-P1,S079-0-base,1000,2025-01-01,2025-12-01
con_descuento,S079-0-base-P2,S079-0-base,1100,2025-12-01,
con_descuento,S080-0-base-P1,S080-0-base,1000,2025-01-01,
con_descuento,S081-0-base-P1,S081-0-base,1000,2025-01-01,
con_descuento,S082-0-base-P1,S082-0-base,1000,2025-01-01,
con_descuento,S083-0-base-P1,S083-0-base,1000,2025-01-01,
con_descuento,S084-0-base-P1,S084-0-base,1000,2025-01-01,
con_descuento,S085-0-base-P1,S085-0-base,1000,2025-01-01,
con_descuento,S086-0-base-P1,S086-0-base,1000,2025-01-01,
con_descuento,S087-0-base-P1,S087-0-base,1000,2025-01-01,
con_descuento,S088-0-base-P1,S088-0-base,1000,2025-01-01,
con_descuento,S089-0-base-P1,S089-0-base,1000,2025-01-01,
con_descuento,S090-0-base-P1,S090-0-base,1000,2025-01-01,
con_descuento,S090-1-base-P1,S090-1-base,2000,2025-01-01,
con_descuento,S091-0-base-P1,S091-0-base,1000,2025-01-01,
con_descuento,S091-1-base-P1,S091-1-base,2000,2025-01-01,
con_descuento,S092-0-base-P1,S092-0-base,1000,2025-01-01,
con_descuento,S092-1-base-P1,S092-1-base,2000,2025-01-01,
con_descuento,S093-0-base-P1,S093-0-base,1000,2025-01-01,
con_descuento,S093-1-base-P1,S093-1-base,2000,2025-01-01,
con_descuento,S094-0-base-P1,S094-0-base,1000,2025-01-01,
con_descuento,S094-1-base-P1,S094-1-base,2000,2025-01-01,
con_descuento,S095-0-base-P1,S095-0-base,1000,2025-01-01,
con_descuento,S095-1-base-P1,S095-1-base,2000,2025-01-01,
con_descuento,S096-0-base-P1,S096-0-base,1000,2025-01-01,
con_descuento,S096-1-base-P1,S096-1-base,2000,2025-01-01,
con_descuento,S097-0-base-P1,S097-0-base,1000,2025-01-01,
con_descuento,S097-1-base-P1,S097-1-base,2000,2025-01-01,
con_descuento,S098-0-base-P1,S098-0-base,1000,2025-01-01,
con_descuento,S098-1-base-P1,S098-1-base,2000,2025-01-01,
con_descuento,S099-0-base-P1,S099-0-base,1000,2025-01-01,
con_descuento,S099-1-base-P1,S099-1-base,2000,2025-01-01,
con_descuento,S100-0-base-P1,S100-0-base,1000,2025-07-01,
con_descuento,S101-0-base-P1,S101-0-base,1000,2025-07-01,
con_descuento,S102-0-base-P1,S102-0-base,1000,2025-07-01,
con_descuento,S103-0-base-P1,S103-0-base,1000,2025-07-01,
con_descuento,S104-0-base-P1,S104-0-base,1000,2025-07-01,
con_descuento,S105-0-base-P1,S105-0-base,1000,2025-09-01,
con_descuento,S106-0-base-P1,S106-0-base,1000,2025-09-01,
con_descuento,S107-0-base-P1,S107-0-base,1000,2025-09-01,
con_descuento,S108-0-base-P1,S108-0-base,1000,2025-09-01,
con_descuento,S109-0-base-P1,S109-0-base,1000,2025-09-01,
