grupo,suscripcion,cliente,inicio,fin,historia_previa
con_descuento,S000-0,C000,2025-01-01,,0
con_descuento,S001-0,C001,2025-01-01,,0
con_descuento,S002-0,C002,2025-01-01,,0
con_descuento,S003-0,C003,2025-01-01,,0
con_descuento,S004-0,C004,2025-01-01,,0
con_descuento,S005-0,C005,2025-01-01,,0
con_descuento,S006-0,C006,2025-01-01,,0
con_descuento,S007-0,C007,2025-01-01,,0
con_descuento,S008-0,C008,2025-01-01,,0
con_descuento,S009-0,C009,2025-01-01,,0
con_descuento,S010-0,C010,2025-01-01,,0
con_descuento,S011-0,C011,2025-01-01,,0
con_descuento,S012-0,C012,2025-01-01,,0
con_descuento,S013-0,C013,2025-01-01,,0
con_descuento,S014-0,C014,2025-01-01,,0
con_descuento,S015-0,C015,2025-01-01,,0
con_descuento,S016-0,C016,2025-01-01,,0
con_descuento,S017-0,C017,2025-01-01,,0
con_descuento,S018-0,C018,2025-01-01,,0
con_descuento,S019-0,C019,2025-01-01,,0
con_descuento,S020-0,C020,2025-01-01,,0
con_descuento,S021-0,C021,2025-01-01,,0
con_descuento,S022-0,C022,2025-01-01,,0
con_descuento,S023-0,C023,2025-01-01,,0
con_descuento,S024-0,C024,2025-01-01,,0
con_descuento,S025-0,C025,2025-01-01,,0
con_descuento,S026-0,C026,2025-01-01,,0
con_descuento,S027-0,C027,2025-01-01,,0
con_descuento,S028-0,C028,2025-01-01,,0
con_descuento,S029-0,C029,2025-01-01,,0
con_descuento,S030-0,C030,2025-01-01,,0
con_descuento,S031-0,C031,2025-01-01,,0
con_descuento,S032-0,C032,2025-01-01,,0
con_descuento,S033-0,C033,2025-01-01,,0
con_descuento,S034-0,C034,2025-01-01,,0
con_descuento,S035-0,C035,2025-01-01,,0
con_descuento,S036-0,C036,2025-01-01,,0
con_descuento,S037-0,C037,2025-01-01,,0
con_descuento,S038-0,C038,2025-01-01,,0
con_descuento,S039-0,C039,2025-01-01,,0
con_descuento,S040-0,C040,2025-01-01,,0
con_descuento,S041-0,C041,2025-01-01,,0
con_descuento,S042-0,C042,2025-01-01,,0
con_descuento,S043-0,C043,2025-01-01,,0
con_descuento,S044-0,C044,2025-01-01,,0
con_descuento,S045-0,C045,2025-01-01,,0
con_descuento,S046-0,C046,2025-01-01,,0
con_descuento,S047-0,C047,2025-01-01,,0
con_descuento,S048-0,C048,2025-01-01,,0
con_descuento,S049-0,C049,2025-01-01,,0
con_descuento,S050-0,C050,2025-01-01,,0
con_descuento,S051-0,C051,2025-01-01,,0
con_descuento,S052-0,C052,2025-01-01,,0
con_descuento,S053-0,C053,2025-01-01,,0
con_descuento,S054-0,C054,2025-01-01,,0
con_descuento,S055-0,C055,2025-01-01,2025-10-01,0
con_descuento,S056-0,C056,2025-01-01,2025-10-01,0
con_descuento,S057-0,C057,2025-01-01,2025-10-01,0
con_descuento,S058-0,C058,2025-01-01,2025-10-01,0
con_descuento,S059-0,C059,2025-01-01,2025-10-01,0
con_descuento,S060-0,C060,2025-01-01,,0
con_descuento,S061-0,C061,2025-01-01,,0
con_descuento,S062-0,C062,2025-01-01,,0
con_descuento,S063-0,C063,2025-01-01,,0
con_descuento,S064-0,C064,2025-01-01,,0
con_descuento,S065-0,C065,2025-01-01,,0
con_descuento,S066-0,C066,2025-01-01,,0
con_descuento,S067-0,C067,2025-01-01,,0
con_descuento,S068-0,C068,2025-01-01,,0
con_descuento,S069-0,C069,2025-01-01,,0
con_descuento,S070-0,C070,2025-01-01,,0
con_descuento,S071-0,C071,2025-01-01,,0
con_descuento,S072-0,C072,2025-01-01,,0
con_descuento,S073-0,C073,2025-01-01,,0
con_descuento,S074-0,C074,2025-01-01,,0
con_descuento,S075-0,C075,2025-01-01,,0
con_descuento,S076-0,C076,2025-01-01,,0
con_descuento,S077-0,C077,2025-01-01,,0
con_descuento,S078-0,C078,2025-01-01,,0
con_descuento,S079-0,C079,2025-01-01,,0
con_descuento,S080-0,C080,2025-01-01,2026-01-01,0
con_descuento,S081-0,C081,2025-01-01,2026-01-01,0
con_descuento,S082-0,C082,2025-01-01,2026-01-01,0
con_descuento,S083-0,C083,2025-01-01,2026-01-01,0
con_descuento,S084-0,C084,2025-01-01,2026-01-01,0
con_descuento,S085-0,C085,2025-01-01,2026-01-01,0
con_descuento,S086-0,C086,2025-01-01,2026-01-01,0
con_descuento,S087-0,C087,2025-01-01,2026-01-01,0
con_descuento,S088-0,C088,2025-01-01,2026-01-01,0
con_descuento,S089-0,C089,2025-01-01,2026-01-01,0
con_descuento,S090-0,C090,2025-01-01,,0
con_descuento,S090-1,C090,2025-01-01,,0
con_descuento,S091-0,C091,2025-01-01,,0
con_descuento,S091-1,C091,2025-01-01,,0
con_descuento,S092-0,C092,2025-01-01,,0
con_descuento,S092-1,C092,2025-01-01,,0
con_descuento,S093-0,C093,2025-01-01,,0
con_descuento,S093-1,C093,2025-01-01,,0
con_descuento,S094-0,C094,2025-01-01,,0
con_descuento,S094-1,C094,2025-01-01,,0
con_descuento,S095-0,C095,2025-01-01,,0
con_descuento,S095-1,C095,2025-01-01,,0
con_descuento,S096-0,C096,2025-01-01,,0
con_descuento,S096-1,C096,2025-01-01,,0
con_descuento,S097-0,C097,2025-01-01,,0
con_descuento,S097-1,C097,2025-01-01,,0
con_descuento,S098-0,C098,2025-01-01,,0
con_descuento,S098-1,C098,2025-01-01,,0
con_descuento,S099-0,C099,2025-01-01,,0
con_descuento,S099-1,C099,2025-01-01,,0
con_descuento,S100-0,C100,2025-07-01,,0
con_descuento,S101-0,C101,2025-07-01,,0
con_descuento,S102-0,C102,2025-07-01,,0
con_descuento,S103-0,C103,2025-07-01,,0
con_descuento,S104-0,C104,2025-07-01,,0
con_descuento,S105-0,C105,2025-09-01,,1
con_descuento,S106-0,C106,2025-09-01,,1
con_descuento,S107-0,C107,2025-09-01,,1
con_descuento,S108-0,C108,2025-09-01,,1
con_descuento,S109-0,C109,2025-09-01,,1
